Time Stamp,Step,Status,Prog Time,Step Time,Cycle,Cycle Level,Procedure,Voltage,Current,Temperature,Capacity,WhAccu,Cnt,
10/17/2019 10:07:29 PM,56,PAU,32:05:25.374,00:00:10.001,1,1,A123_2p5Ah_ageing_90k_case,3.4448,0.0000,23.6187,0.0000,0.0000,0.0000,
10/17/2019 10:07:39 PM,56,PAU,32:05:35.384,00:00:20.011,1,1,A123_2p5Ah_ageing_90k_case,3.4444,0.0000,23.5118,0.0000,0.0000,0.0000,
10/17/2019 10:07:49 PM,56,PAU,32:05:45.379,00:00:30.006,1,1,A123_2p5Ah_ageing_90k_case,3.4443,0.0000,23.6187,0.0000,0.0000,0.0000,
10/17/2019 10:07:59 PM,56,PAU,32:05:55.385,00:00:40.012,1,1,A123_2p5Ah_ageing_90k_case,3.4439,0.0000,23.6187,0.0000,0.0000,0.0000,
10/17/2019 10:08:09 PM,56,PAU,32:06:05.380,00:00:50.007,1,1,A123_2p5Ah_ageing_90k_case,3.4438,0.0000,23.6187,0.0000,0.0000,0.0000,
10/17/2019 10:08:19 PM,56,PAU,32:06:15.376,00:01:00.003,1,1,A123_2p5Ah_ageing_90k_case,3.4434,0.0000,23.6187,0.0000,0.0000,0.0000,
10/17/2019 10:08:19 PM,56,PAU,32:06:15.376,00:01:00.003,1,1,A123_2p5Ah_ageing_90k_case,3.4434,0.0000,23.6187,0.0000,0.0000,0.0000,
10/17/2019 10:08:29 PM,57,DCH,32:06:25.388,00:00:10.004,1,1,A123_2p5Ah_ageing_90k_case,3.3631,-2.4998,23.5118,-0.0069,-0.0235,0.0000,
10/17/2019 10:08:39 PM,57,DCH,32:06:35.393,00:00:20.009,1,1,A123_2p5Ah_ageing_90k_case,3.3358,-2.4998,23.6187,-0.0139,-0.0468,0.0000,
10/17/2019 10:08:49 PM,57,DCH,32:06:45.388,00:00:30.004,1,1,A123_2p5Ah_ageing_90k_case,3.3189,-2.4998,23.6187,-0.0208,-0.0698,0.0000,
10/17/2019 10:08:59 PM,57,DCH,32:06:55.392,00:00:40.008,1,1,A123_2p5Ah_ageing_90k_case,3.3080,-2.4998,23.6187,-0.0278,-0.0929,0.0000,
10/17/2019 10:09:09 PM,57,DCH,32:07:05.387,00:00:50.003,1,1,A123_2p5Ah_ageing_90k_case,3.3006,-2.4972,23.5118,-0.0347,-0.1158,0.0000,
10/17/2019 10:09:19 PM,57,DCH,32:07:15.396,00:01:00.012,1,1,A123_2p5Ah_ageing_90k_case,3.2955,-2.4998,23.5118,-0.0417,-0.1387,0.0000,
10/17/2019 10:09:29 PM,57,DCH,32:07:25.386,00:01:10.002,1,1,A123_2p5Ah_ageing_90k_case,3.2921,-2.4972,23.6187,-0.0486,-0.1615,0.0000,
10/17/2019 10:09:39 PM,57,DCH,32:07:35.386,00:01:20.002,1,1,A123_2p5Ah_ageing_90k_case,3.2898,-2.4998,23.6187,-0.0555,-0.1844,0.0000,
10/17/2019 10:09:49 PM,57,DCH,32:07:45.388,00:01:30.004,1,1,A123_2p5Ah_ageing_90k_case,3.2882,-2.4998,23.6187,-0.0625,-0.2072,0.0000,
10/17/2019 10:09:59 PM,57,DCH,32:07:55.387,00:01:40.003,1,1,A123_2p5Ah_ageing_90k_case,3.2871,-2.4972,23.7255,-0.0694,-0.2300,0.0000,
10/17/2019 10:10:09 PM,57,DCH,32:08:05.383,00:01:49.999,1,1,A123_2p5Ah_ageing_90k_case,3.2862,-2.4998,23.6187,-0.0764,-0.2529,0.0000,
10/17/2019 10:10:19 PM,57,DCH,32:08:15.384,00:02:00.000,1,1,A123_2p5Ah_ageing_90k_case,3.2854,-2.4998,23.6187,-0.0833,-0.2757,0.0000,
10/17/2019 10:10:29 PM,57,DCH,32:08:25.388,00:02:10.004,1,1,A123_2p5Ah_ageing_90k_case,3.2847,-2.4998,23.7255,-0.0902,-0.2985,0.0000,
10/17/2019 10:10:39 PM,57,DCH,32:08:35.396,00:02:20.012,1,1,A123_2p5Ah_ageing_90k_case,3.2842,-2.4972,23.7255,-0.0972,-0.3213,0.0000,
10/17/2019 10:10:49 PM,57,DCH,32:08:45.392,00:02:30.008,1,1,A123_2p5Ah_ageing_90k_case,3.2837,-2.4998,23.6187,-0.1041,-0.3441,0.0000,
10/17/2019 10:10:59 PM,57,DCH,32:08:55.390,00:02:40.006,1,1,A123_2p5Ah_ageing_90k_case,3.2832,-2.4998,23.8324,-0.1111,-0.3669,0.0000,
10/17/2019 10:11:09 PM,57,DCH,32:09:05.388,00:02:50.004,1,1,A123_2p5Ah_ageing_90k_case,3.2827,-2.4998,23.7255,-0.1180,-0.3897,0.0000,
10/17/2019 10:11:19 PM,57,DCH,32:09:15.383,00:02:59.999,1,1,A123_2p5Ah_ageing_90k_case,3.2823,-2.4972,23.8324,-0.1250,-0.4125,0.0000,
10/17/2019 10:11:29 PM,57,DCH,32:09:25.390,00:03:10.006,1,1,A123_2p5Ah_ageing_90k_case,3.2818,-2.4998,23.7255,-0.1319,-0.4353,0.0000,
10/17/2019 10:11:39 PM,57,DCH,32:09:35.388,00:03:20.004,1,1,A123_2p5Ah_ageing_90k_case,3.2813,-2.4998,23.7255,-0.1388,-0.4580,0.0000,
10/17/2019 10:11:49 PM,57,DCH,32:09:45.385,00:03:30.001,1,1,A123_2p5Ah_ageing_90k_case,3.2810,-2.4998,23.8324,-0.1458,-0.4808,0.0000,
10/17/2019 10:11:59 PM,57,DCH,32:09:55.394,00:03:40.010,1,1,A123_2p5Ah_ageing_90k_case,3.2805,-2.4998,23.7255,-0.1527,-0.5036,0.0000,
10/17/2019 10:12:09 PM,57,DCH,32:10:05.388,00:03:50.004,1,1,A123_2p5Ah_ageing_90k_case,3.2801,-2.4998,23.7255,-0.1597,-0.5264,0.0000,
10/17/2019 10:12:19 PM,57,DCH,32:10:15.405,00:04:00.021,1,1,A123_2p5Ah_ageing_90k_case,3.2798,-2.4998,23.6187,-0.1666,-0.5491,0.0000,
10/17/2019 10:12:29 PM,57,DCH,32:10:25.384,00:04:10.000,1,1,A123_2p5Ah_ageing_90k_case,3.2793,-2.4998,23.7255,-0.1735,-0.5719,0.0000,
10/17/2019 10:12:39 PM,57,DCH,32:10:35.390,00:04:20.006,1,1,A123_2p5Ah_ageing_90k_case,3.2790,-2.4998,23.7255,-0.1805,-0.5946,0.0000,
10/17/2019 10:12:49 PM,57,DCH,32:10:45.388,00:04:30.004,1,1,A123_2p5Ah_ageing_90k_case,3.2786,-2.4998,23.7255,-0.1874,-0.6174,0.0000,
10/17/2019 10:12:59 PM,57,DCH,32:10:55.396,00:04:40.012,1,1,A123_2p5Ah_ageing_90k_case,3.2781,-2.4998,23.7255,-0.1944,-0.6402,0.0000,
10/17/2019 10:13:09 PM,57,DCH,32:11:05.389,00:04:50.005,1,1,A123_2p5Ah_ageing_90k_case,3.2778,-2.4998,23.7255,-0.2013,-0.6629,0.0000,
10/17/2019 10:13:19 PM,57,DCH,32:11:15.396,00:05:00.012,1,1,A123_2p5Ah_ageing_90k_case,3.2774,-2.4998,23.7255,-0.2083,-0.6857,0.0000,
10/17/2019 10:13:29 PM,57,DCH,32:11:25.393,00:05:10.009,1,1,A123_2p5Ah_ageing_90k_case,3.2771,-2.4998,23.7255,-0.2152,-0.7084,0.0000,
10/17/2019 10:13:39 PM,57,DCH,32:11:35.403,00:05:20.019,1,1,A123_2p5Ah_ageing_90k_case,3.2766,-2.4972,23.8324,-0.2221,-0.7311,0.0000,
10/17/2019 10:13:49 PM,57,DCH,32:11:45.392,00:05:30.008,1,1,A123_2p5Ah_ageing_90k_case,3.2763,-2.4998,23.8324,-0.2291,-0.7539,0.0000,
10/17/2019 10:13:59 PM,57,DCH,32:11:55.384,00:05:40.000,1,1,A123_2p5Ah_ageing_90k_case,3.2759,-2.4998,23.7255,-0.2360,-0.7766,0.0000,
10/17/2019 10:14:09 PM,57,DCH,32:12:05.392,00:05:50.008,1,1,A123_2p5Ah_ageing_90k_case,3.2756,-2.4972,23.7255,-0.2430,-0.7994,0.0000,
10/17/2019 10:14:19 PM,57,DCH,32:12:15.398,00:06:00.014,1,1,A123_2p5Ah_ageing_90k_case,3.2753,-2.4972,23.7255,-0.2499,-0.8221,0.0000,
10/17/2019 10:14:29 PM,57,DCH,32:12:25.392,00:06:10.008,1,1,A123_2p5Ah_ageing_90k_case,3.2747,-2.4998,23.7255,-0.2569,-0.8449,0.0000,
10/17/2019 10:14:39 PM,57,DCH,32:12:35.384,00:06:20.000,1,1,A123_2p5Ah_ageing_90k_case,3.2744,-2.4972,23.7255,-0.2638,-0.8676,0.0000,
10/17/2019 10:14:49 PM,57,DCH,32:12:45.389,00:06:30.005,1,1,A123_2p5Ah_ageing_90k_case,3.2741,-2.4998,23.7255,-0.2707,-0.8904,0.0000,
10/17/2019 10:14:59 PM,57,DCH,32:12:55.394,00:06:40.010,1,1,A123_2p5Ah_ageing_90k_case,3.2737,-2.4998,23.6187,-0.2777,-0.9131,0.0000,
10/17/2019 10:15:09 PM,57,DCH,32:13:05.390,00:06:50.006,1,1,A123_2p5Ah_ageing_90k_case,3.2734,-2.4998,23.8324,-0.2846,-0.9358,0.0000,
10/17/2019 10:15:19 PM,57,DCH,32:13:15.393,00:07:00.009,1,1,A123_2p5Ah_ageing_90k_case,3.2729,-2.4998,23.7255,-0.2916,-0.9585,0.0000,
10/17/2019 10:15:29 PM,57,DCH,32:13:25.388,00:07:10.004,1,1,A123_2p5Ah_ageing_90k_case,3.2726,-2.4972,23.8324,-0.2985,-0.9813,0.0000,
10/17/2019 10:15:39 PM,57,DCH,32:13:35.390,00:07:20.006,1,1,A123_2p5Ah_ageing_90k_case,3.2722,-2.4998,23.7255,-0.3055,-1.0040,0.0000,
10/17/2019 10:15:49 PM,57,DCH,32:13:45.385,00:07:30.001,1,1,A123_2p5Ah_ageing_90k_case,3.2719,-2.4998,23.7255,-0.3124,-1.0266,0.0000,
10/17/2019 10:15:59 PM,57,DCH,32:13:55.395,00:07:40.011,1,1,A123_2p5Ah_ageing_90k_case,3.2714,-2.4998,23.8324,-0.3193,-1.0494,0.0000,
10/17/2019 10:16:09 PM,57,DCH,32:14:05.389,00:07:50.005,1,1,A123_2p5Ah_ageing_90k_case,3.2710,-2.4998,23.8324,-0.3263,-1.0721,0.0000,
10/17/2019 10:16:19 PM,57,DCH,32:14:15.394,00:08:00.010,1,1,A123_2p5Ah_ageing_90k_case,3.2707,-2.4998,23.7255,-0.3332,-1.0948,0.0000,
10/17/2019 10:16:29 PM,57,DCH,32:14:25.388,00:08:10.004,1,1,A123_2p5Ah_ageing_90k_case,3.2704,-2.4972,23.7255,-0.3402,-1.1175,0.0000,
10/17/2019 10:16:39 PM,57,DCH,32:14:35.391,00:08:20.007,1,1,A123_2p5Ah_ageing_90k_case,3.2699,-2.4998,23.7255,-0.3471,-1.1402,0.0000,
10/17/2019 10:16:49 PM,57,DCH,32:14:45.399,00:08:30.015,1,1,A123_2p5Ah_ageing_90k_case,3.2695,-2.4998,23.7255,-0.3540,-1.1629,0.0000,
10/17/2019 10:16:59 PM,57,DCH,32:14:55.385,00:08:40.001,1,1,A123_2p5Ah_ageing_90k_case,3.2692,-2.4998,23.8324,-0.3610,-1.1856,0.0000,
10/17/2019 10:17:09 PM,57,DCH,32:15:05.389,00:08:50.005,1,1,A123_2p5Ah_ageing_90k_case,3.2687,-2.4998,23.8324,-0.3679,-1.2083,0.0000,
10/17/2019 10:17:19 PM,57,DCH,32:15:15.382,00:08:59.998,1,1,A123_2p5Ah_ageing_90k_case,3.2683,-2.4972,23.7255,-0.3749,-1.2309,0.0000,
10/17/2019 10:17:29 PM,57,DCH,32:15:25.384,00:09:10.000,1,1,A123_2p5Ah_ageing_90k_case,3.2680,-2.4998,23.7255,-0.3818,-1.2536,0.0000,
10/17/2019 10:17:39 PM,57,DCH,32:15:35.395,00:09:20.011,1,1,A123_2p5Ah_ageing_90k_case,3.2675,-2.4998,23.8324,-0.3888,-1.2763,0.0000,
10/17/2019 10:17:49 PM,57,DCH,32:15:45.390,00:09:30.006,1,1,A123_2p5Ah_ageing_90k_case,3.2672,-2.4972,23.8324,-0.3957,-1.2990,0.0000,
10/17/2019 10:17:59 PM,57,DCH,32:15:55.385,00:09:40.001,1,1,A123_2p5Ah_ageing_90k_case,3.2668,-2.4998,23.8324,-0.4026,-1.3217,0.0000,
10/17/2019 10:18:09 PM,57,DCH,32:16:05.384,00:09:50.000,1,1,A123_2p5Ah_ageing_90k_case,3.2663,-2.4998,23.8324,-0.4096,-1.3444,0.0000,
10/17/2019 10:18:19 PM,57,DCH,32:16:15.383,00:09:59.999,1,1,A123_2p5Ah_ageing_90k_case,3.2660,-2.4998,23.7255,-0.4165,-1.3670,0.0000,
10/17/2019 10:18:29 PM,57,DCH,32:16:25.391,00:10:10.007,1,1,A123_2p5Ah_ageing_90k_case,3.2655,-2.4998,23.8324,-0.4235,-1.3897,0.0000,
10/17/2019 10:18:39 PM,57,DCH,32:16:35.386,00:10:20.002,1,1,A123_2p5Ah_ageing_90k_case,3.2651,-2.4998,23.8324,-0.4304,-1.4124,0.0000,
10/17/2019 10:18:49 PM,57,DCH,32:16:45.392,00:10:30.008,1,1,A123_2p5Ah_ageing_90k_case,3.2646,-2.4998,23.8324,-0.4373,-1.4350,0.0000,
10/17/2019 10:18:59 PM,57,DCH,32:16:55.384,00:10:40.000,1,1,A123_2p5Ah_ageing_90k_case,3.2643,-2.4998,23.8324,-0.4443,-1.4577,0.0000,
10/17/2019 10:19:09 PM,57,DCH,32:17:05.391,00:10:50.007,1,1,A123_2p5Ah_ageing_90k_case,3.2638,-2.4998,23.8324,-0.4512,-1.4804,0.0000,
10/17/2019 10:19:19 PM,57,DCH,32:17:15.397,00:11:00.013,1,1,A123_2p5Ah_ageing_90k_case,3.2634,-2.4998,23.8324,-0.4582,-1.5030,0.0000,
10/17/2019 10:19:29 PM,57,DCH,32:17:25.389,00:11:10.005,1,1,A123_2p5Ah_ageing_90k_case,3.2629,-2.4998,23.8324,-0.4651,-1.5257,0.0000,
10/17/2019 10:19:39 PM,57,DCH,32:17:35.395,00:11:20.011,1,1,A123_2p5Ah_ageing_90k_case,3.2626,-2.4998,23.8324,-0.4721,-1.5483,0.0000,
10/17/2019 10:19:49 PM,57,DCH,32:17:45.388,00:11:30.004,1,1,A123_2p5Ah_ageing_90k_case,3.2621,-2.4998,23.8324,-0.4790,-1.5710,0.0000,
10/17/2019 10:19:59 PM,57,DCH,32:17:55.391,00:11:40.007,1,1,A123_2p5Ah_ageing_90k_case,3.2616,-2.4998,23.8324,-0.4859,-1.5936,0.0000,
10/17/2019 10:20:09 PM,57,DCH,32:18:05.386,00:11:50.002,1,1,A123_2p5Ah_ageing_90k_case,3.2613,-2.4972,23.8324,-0.4929,-1.6162,0.0000,
10/17/2019 10:20:19 PM,57,DCH,32:18:15.393,00:12:00.009,1,1,A123_2p5Ah_ageing_90k_case,3.2607,-2.4998,23.7255,-0.4998,-1.6389,0.0000,
10/17/2019 10:20:29 PM,57,DCH,32:18:25.385,00:12:10.001,1,1,A123_2p5Ah_ageing_90k_case,3.2604,-2.4998,23.7255,-0.5068,-1.6615,0.0000,
10/17/2019 10:20:39 PM,57,DCH,32:18:35.403,00:12:20.019,1,1,A123_2p5Ah_ageing_90k_case,3.2599,-2.4998,23.7255,-0.5137,-1.6842,0.0000,
10/17/2019 10:20:49 PM,57,DCH,32:18:45.394,00:12:30.010,1,1,A123_2p5Ah_ageing_90k_case,3.2594,-2.4998,23.7255,-0.5207,-1.7068,0.0000,
10/17/2019 10:20:59 PM,57,DCH,32:18:55.387,00:12:40.003,1,1,A123_2p5Ah_ageing_90k_case,3.2589,-2.4972,23.8324,-0.5276,-1.7294,0.0000,
10/17/2019 10:21:09 PM,57,DCH,32:19:05.394,00:12:50.010,1,1,A123_2p5Ah_ageing_90k_case,3.2586,-2.4972,23.8324,-0.5345,-1.7521,0.0000,
10/17/2019 10:21:19 PM,57,DCH,32:19:15.393,00:13:00.009,1,1,A123_2p5Ah_ageing_90k_case,3.2580,-2.4998,23.8324,-0.5415,-1.7747,0.0000,
10/17/2019 10:21:29 PM,57,DCH,32:19:25.383,00:13:09.999,1,1,A123_2p5Ah_ageing_90k_case,3.2575,-2.4998,23.8324,-0.5484,-1.7973,0.0000,
10/17/2019 10:21:39 PM,57,DCH,32:19:35.391,00:13:20.007,1,1,A123_2p5Ah_ageing_90k_case,3.2570,-2.4998,23.8324,-0.5554,-1.8199,0.0000,
10/17/2019 10:21:49 PM,57,DCH,32:19:45.389,00:13:30.005,1,1,A123_2p5Ah_ageing_90k_case,3.2567,-2.4972,23.8324,-0.5623,-1.8425,0.0000,
10/17/2019 10:21:59 PM,57,DCH,32:19:55.394,00:13:40.010,1,1,A123_2p5Ah_ageing_90k_case,3.2562,-2.4998,23.9393,-0.5693,-1.8651,0.0000,
10/17/2019 10:22:09 PM,57,DCH,32:20:05.387,00:13:50.003,1,1,A123_2p5Ah_ageing_90k_case,3.2557,-2.4998,23.9393,-0.5762,-1.8877,0.0000,
10/17/2019 10:22:19 PM,57,DCH,32:20:15.394,00:14:00.010,1,1,A123_2p5Ah_ageing_90k_case,3.2554,-2.4998,23.9393,-0.5831,-1.9103,0.0000,
10/17/2019 10:22:29 PM,57,DCH,32:20:25.384,00:14:10.000,1,1,A123_2p5Ah_ageing_90k_case,3.2548,-2.4972,23.8324,-0.5901,-1.9329,0.0000,
10/17/2019 10:22:39 PM,57,DCH,32:20:35.392,00:14:20.008,1,1,A123_2p5Ah_ageing_90k_case,3.2543,-2.4972,23.9393,-0.5970,-1.9555,0.0000,
10/17/2019 10:22:49 PM,57,DCH,32:20:45.386,00:14:30.002,1,1,A123_2p5Ah_ageing_90k_case,3.2538,-2.4998,23.9393,-0.6040,-1.9781,0.0000,
10/17/2019 10:22:59 PM,57,DCH,32:20:55.392,00:14:40.008,1,1,A123_2p5Ah_ageing_90k_case,3.2533,-2.4972,23.9393,-0.6109,-2.0007,0.0000,
10/17/2019 10:23:09 PM,57,DCH,32:21:05.383,00:14:49.999,1,1,A123_2p5Ah_ageing_90k_case,3.2528,-2.4972,23.9393,-0.6178,-2.0232,0.0000,
10/17/2019 10:23:19 PM,57,DCH,32:21:15.388,00:15:00.004,1,1,A123_2p5Ah_ageing_90k_case,3.2525,-2.4972,23.9393,-0.6248,-2.0458,0.0000,
10/17/2019 10:23:29 PM,57,DCH,32:21:25.384,00:15:10.000,1,1,A123_2p5Ah_ageing_90k_case,3.2520,-2.4998,23.9393,-0.6317,-2.0684,0.0000,
10/17/2019 10:23:39 PM,57,DCH,32:21:35.383,00:15:19.999,1,1,A123_2p5Ah_ageing_90k_case,3.2515,-2.4998,23.9393,-0.6387,-2.0910,0.0000,
10/17/2019 10:23:49 PM,57,DCH,32:21:45.394,00:15:30.010,1,1,A123_2p5Ah_ageing_90k_case,3.2510,-2.4972,23.9393,-0.6456,-2.1136,0.0000,
10/17/2019 10:23:59 PM,57,DCH,32:21:55.387,00:15:40.003,1,1,A123_2p5Ah_ageing_90k_case,3.2505,-2.4998,23.9393,-0.6525,-2.1361,0.0000,
10/17/2019 10:24:09 PM,57,DCH,32:22:05.393,00:15:50.009,1,1,A123_2p5Ah_ageing_90k_case,3.2501,-2.4972,24.0462,-0.6595,-2.1587,0.0000,
10/17/2019 10:24:19 PM,57,DCH,32:22:15.386,00:16:00.002,1,1,A123_2p5Ah_ageing_90k_case,3.2496,-2.4998,24.0462,-0.6664,-2.1812,0.0000,
10/17/2019 10:24:29 PM,57,DCH,32:22:25.394,00:16:10.010,1,1,A123_2p5Ah_ageing_90k_case,3.2491,-2.4998,24.0462,-0.6734,-2.2038,0.0000,
10/17/2019 10:24:39 PM,57,DCH,32:22:35.387,00:16:20.003,1,1,A123_2p5Ah_ageing_90k_case,3.2486,-2.4998,23.9393,-0.6803,-2.2263,0.0000,
10/17/2019 10:24:49 PM,57,DCH,32:22:45.386,00:16:30.002,1,1,A123_2p5Ah_ageing_90k_case,3.2483,-2.4998,24.0462,-0.6873,-2.2489,0.0000,
10/17/2019 10:24:59 PM,57,DCH,32:22:55.396,00:16:40.012,1,1,A123_2p5Ah_ageing_90k_case,3.2478,-2.4998,24.0462,-0.6942,-2.2714,0.0000,
10/17/2019 10:25:09 PM,57,DCH,32:23:05.391,00:16:50.007,1,1,A123_2p5Ah_ageing_90k_case,3.2473,-2.4998,24.0462,-0.7011,-2.2940,0.0000,
10/17/2019 10:25:19 PM,57,DCH,32:23:15.384,00:17:00.000,1,1,A123_2p5Ah_ageing_90k_case,3.2467,-2.4998,24.0462,-0.7081,-2.3166,0.0000,
10/17/2019 10:25:29 PM,57,DCH,32:23:25.391,00:17:10.007,1,1,A123_2p5Ah_ageing_90k_case,3.2464,-2.4972,23.9393,-0.7150,-2.3391,0.0000,
10/17/2019 10:25:39 PM,57,DCH,32:23:35.385,00:17:20.001,1,1,A123_2p5Ah_ageing_90k_case,3.2459,-2.4998,24.0462,-0.7220,-2.3616,0.0000,
10/17/2019 10:25:49 PM,57,DCH,32:23:45.394,00:17:30.010,1,1,A123_2p5Ah_ageing_90k_case,3.2454,-2.4998,24.0462,-0.7289,-2.3841,0.0000,
10/17/2019 10:25:59 PM,57,DCH,32:23:55.386,00:17:40.002,1,1,A123_2p5Ah_ageing_90k_case,3.2451,-2.4972,24.0462,-0.7358,-2.4066,0.0000,
10/17/2019 10:26:09 PM,57,DCH,32:24:05.395,00:17:50.011,1,1,A123_2p5Ah_ageing_90k_case,3.2446,-2.4972,24.0462,-0.7428,-2.4292,0.0000,
10/17/2019 10:26:19 PM,57,DCH,32:24:15.389,00:18:00.005,1,1,A123_2p5Ah_ageing_90k_case,3.2442,-2.4972,24.0462,-0.7497,-2.4517,0.0000,
10/17/2019 10:26:29 PM,57,DCH,32:24:25.383,00:18:09.999,1,1,A123_2p5Ah_ageing_90k_case,3.2437,-2.4972,23.9393,-0.7567,-2.4742,0.0000,
10/17/2019 10:26:39 PM,57,DCH,32:24:35.393,00:18:20.009,1,1,A123_2p5Ah_ageing_90k_case,3.2432,-2.4998,24.0462,-0.7636,-2.4967,0.0000,
10/17/2019 10:26:49 PM,57,DCH,32:24:45.386,00:18:30.002,1,1,A123_2p5Ah_ageing_90k_case,3.2429,-2.4998,24.0462,-0.7706,-2.5192,0.0000,
10/17/2019 10:26:59 PM,57,DCH,32:24:55.394,00:18:40.010,1,1,A123_2p5Ah_ageing_90k_case,3.2424,-2.4972,23.9393,-0.7775,-2.5418,0.0000,
10/17/2019 10:27:09 PM,57,DCH,32:25:05.387,00:18:50.003,1,1,A123_2p5Ah_ageing_90k_case,3.2420,-2.4998,23.9393,-0.7844,-2.5643,0.0000,
10/17/2019 10:27:19 PM,57,DCH,32:25:15.394,00:19:00.010,1,1,A123_2p5Ah_ageing_90k_case,3.2417,-2.4998,23.9393,-0.7914,-2.5868,0.0000,
10/17/2019 10:27:29 PM,57,DCH,32:25:25.388,00:19:10.004,1,1,A123_2p5Ah_ageing_90k_case,3.2412,-2.4998,23.8324,-0.7983,-2.6093,0.0000,
10/17/2019 10:27:39 PM,57,DCH,32:25:35.394,00:19:20.010,1,1,A123_2p5Ah_ageing_90k_case,3.2408,-2.4998,24.0462,-0.8053,-2.6318,0.0000,
10/17/2019 10:27:49 PM,57,DCH,32:25:45.390,00:19:30.006,1,1,A123_2p5Ah_ageing_90k_case,3.2405,-2.4998,23.8324,-0.8122,-2.6543,0.0000,
10/17/2019 10:27:59 PM,57,DCH,32:25:55.396,00:19:40.012,1,1,A123_2p5Ah_ageing_90k_case,3.2400,-2.4998,23.9393,-0.8191,-2.6768,0.0000,
10/17/2019 10:28:09 PM,57,DCH,32:26:05.392,00:19:50.008,1,1,A123_2p5Ah_ageing_90k_case,3.2397,-2.4972,23.9393,-0.8261,-2.6993,0.0000,
10/17/2019 10:28:19 PM,57,DCH,32:26:15.386,00:20:00.002,1,1,A123_2p5Ah_ageing_90k_case,3.2393,-2.4998,23.9393,-0.8330,-2.7218,0.0000,
10/17/2019 10:28:29 PM,57,DCH,32:26:25.395,00:20:10.011,1,1,A123_2p5Ah_ageing_90k_case,3.2388,-2.4998,23.9393,-0.8400,-2.7442,0.0000,
10/17/2019 10:28:39 PM,57,DCH,32:26:35.385,00:20:20.001,1,1,A123_2p5Ah_ageing_90k_case,3.2385,-2.4998,23.9393,-0.8469,-2.7667,0.0000,
10/17/2019 10:28:49 PM,57,DCH,32:26:45.385,00:20:30.001,1,1,A123_2p5Ah_ageing_90k_case,3.2381,-2.4998,23.9393,-0.8539,-2.7892,0.0000,
10/17/2019 10:28:59 PM,57,DCH,32:26:55.395,00:20:40.011,1,1,A123_2p5Ah_ageing_90k_case,3.2378,-2.4998,23.9393,-0.8608,-2.8117,0.0000,
10/17/2019 10:29:09 PM,57,DCH,32:27:05.388,00:20:50.004,1,1,A123_2p5Ah_ageing_90k_case,3.2373,-2.4972,23.9393,-0.8678,-2.8342,0.0000,
10/17/2019 10:29:19 PM,57,DCH,32:27:15.398,00:21:00.014,1,1,A123_2p5Ah_ageing_90k_case,3.2370,-2.4972,23.9393,-0.8747,-2.8566,0.0000,
10/17/2019 10:29:29 PM,57,DCH,32:27:25.384,00:21:10.000,1,1,A123_2p5Ah_ageing_90k_case,3.2366,-2.4972,23.9393,-0.8816,-2.8791,0.0000,
10/17/2019 10:29:39 PM,57,DCH,32:27:35.392,00:21:20.008,1,1,A123_2p5Ah_ageing_90k_case,3.2363,-2.4998,23.9393,-0.8886,-2.9016,0.0000,
10/17/2019 10:29:49 PM,57,DCH,32:27:45.391,00:21:30.007,1,1,A123_2p5Ah_ageing_90k_case,3.2360,-2.4972,23.8324,-0.8955,-2.9240,0.0000,
10/17/2019 10:29:59 PM,57,DCH,32:27:55.389,00:21:40.005,1,1,A123_2p5Ah_ageing_90k_case,3.2356,-2.4972,23.8324,-0.9025,-2.9465,0.0000,
10/17/2019 10:30:09 PM,57,DCH,32:28:05.387,00:21:50.003,1,1,A123_2p5Ah_ageing_90k_case,3.2351,-2.4998,23.8324,-0.9094,-2.9689,0.0000,
10/17/2019 10:30:19 PM,57,DCH,32:28:15.383,00:21:59.999,1,1,A123_2p5Ah_ageing_90k_case,3.2348,-2.4998,23.8324,-0.9164,-2.9914,0.0000,
10/17/2019 10:30:29 PM,57,DCH,32:28:25.404,00:22:10.020,1,1,A123_2p5Ah_ageing_90k_case,3.2344,-2.4972,23.9393,-0.9233,-3.0139,0.0000,
10/17/2019 10:30:39 PM,57,DCH,32:28:35.391,00:22:20.007,1,1,A123_2p5Ah_ageing_90k_case,3.2341,-2.4998,23.9393,-0.9302,-3.0363,0.0000,
10/17/2019 10:30:49 PM,57,DCH,32:28:45.386,00:22:30.002,1,1,A123_2p5Ah_ageing_90k_case,3.2338,-2.4998,23.8324,-0.9372,-3.0587,0.0000,
10/17/2019 10:30:59 PM,57,DCH,32:28:55.380,00:22:39.996,1,1,A123_2p5Ah_ageing_90k_case,3.2334,-2.4998,23.9393,-0.9441,-3.0812,0.0000,
10/17/2019 10:31:09 PM,57,DCH,32:29:05.396,00:22:50.012,1,1,A123_2p5Ah_ageing_90k_case,3.2331,-2.4972,23.9393,-0.9511,-3.1037,0.0000,
10/17/2019 10:31:19 PM,57,DCH,32:29:15.387,00:23:00.003,1,1,A123_2p5Ah_ageing_90k_case,3.2327,-2.4998,23.9393,-0.9580,-3.1261,0.0000,
10/17/2019 10:31:29 PM,57,DCH,32:29:25.385,00:23:10.001,1,1,A123_2p5Ah_ageing_90k_case,3.2324,-2.4998,23.8324,-0.9649,-3.1485,0.0000,
10/17/2019 10:31:39 PM,57,DCH,32:29:35.386,00:23:20.002,1,1,A123_2p5Ah_ageing_90k_case,3.2321,-2.4998,23.8324,-0.9719,-3.1710,0.0000,
10/17/2019 10:31:49 PM,57,DCH,32:29:45.393,00:23:30.009,1,1,A123_2p5Ah_ageing_90k_case,3.2317,-2.4998,23.8324,-0.9788,-3.1934,0.0000,
10/17/2019 10:31:59 PM,57,DCH,32:29:55.388,00:23:40.004,1,1,A123_2p5Ah_ageing_90k_case,3.2314,-2.4998,23.9393,-0.9858,-3.2159,0.0000,
10/17/2019 10:32:09 PM,57,DCH,32:30:05.403,00:23:50.019,1,1,A123_2p5Ah_ageing_90k_case,3.2311,-2.4998,23.9393,-0.9927,-3.2383,0.0000,
10/17/2019 10:32:19 PM,57,DCH,32:30:15.384,00:24:00.000,1,1,A123_2p5Ah_ageing_90k_case,3.2307,-2.4998,23.8324,-0.9996,-3.2607,0.0000,
10/17/2019 10:32:29 PM,57,DCH,32:30:25.391,00:24:10.007,1,1,A123_2p5Ah_ageing_90k_case,3.2302,-2.4998,23.8324,-1.0066,-3.2831,0.0000,
10/17/2019 10:32:39 PM,57,DCH,32:30:35.389,00:24:20.005,1,1,A123_2p5Ah_ageing_90k_case,3.2299,-2.4998,23.7255,-1.0135,-3.3056,0.0000,
10/17/2019 10:32:49 PM,57,DCH,32:30:45.400,00:24:30.016,1,1,A123_2p5Ah_ageing_90k_case,3.2295,-2.4998,23.8324,-1.0205,-3.3280,0.0000,
10/17/2019 10:32:59 PM,57,DCH,32:30:55.390,00:24:40.006,1,1,A123_2p5Ah_ageing_90k_case,3.2292,-2.4998,23.7255,-1.0274,-3.3504,0.0000,
10/17/2019 10:33:09 PM,57,DCH,32:31:05.386,00:24:50.002,1,1,A123_2p5Ah_ageing_90k_case,3.2289,-2.4998,23.8324,-1.0344,-3.3729,0.0000,
10/17/2019 10:33:19 PM,57,DCH,32:31:15.396,00:25:00.012,1,1,A123_2p5Ah_ageing_90k_case,3.2285,-2.4998,23.8324,-1.0413,-3.3952,0.0000,
10/17/2019 10:33:29 PM,57,DCH,32:31:25.395,00:25:10.011,1,1,A123_2p5Ah_ageing_90k_case,3.2282,-2.4998,23.9393,-1.0483,-3.4177,0.0000,
10/17/2019 10:33:39 PM,57,DCH,32:31:35.387,00:25:20.003,1,1,A123_2p5Ah_ageing_90k_case,3.2279,-2.4972,23.9393,-1.0552,-3.4401,0.0000,
10/17/2019 10:33:49 PM,57,DCH,32:31:45.383,00:25:29.999,1,1,A123_2p5Ah_ageing_90k_case,3.2275,-2.4998,23.8324,-1.0621,-3.4625,0.0000,
10/17/2019 10:33:59 PM,57,DCH,32:31:55.391,00:25:40.007,1,1,A123_2p5Ah_ageing_90k_case,3.2272,-2.4998,23.9393,-1.0691,-3.4849,0.0000,
10/17/2019 10:34:09 PM,57,DCH,32:32:05.383,00:25:49.999,1,1,A123_2p5Ah_ageing_90k_case,3.2268,-2.4998,23.7255,-1.0760,-3.5073,0.0000,
10/17/2019 10:34:19 PM,57,DCH,32:32:15.395,00:26:00.011,1,1,A123_2p5Ah_ageing_90k_case,3.2265,-2.4972,23.8324,-1.0830,-3.5297,0.0000,
10/17/2019 10:34:29 PM,57,DCH,32:32:25.384,00:26:10.000,1,1,A123_2p5Ah_ageing_90k_case,3.2262,-2.4972,23.8324,-1.0899,-3.5521,0.0000,
10/17/2019 10:34:39 PM,57,DCH,32:32:35.382,00:26:19.998,1,1,A123_2p5Ah_ageing_90k_case,3.2258,-2.4998,23.8324,-1.0968,-3.5745,0.0000,
10/17/2019 10:34:49 PM,57,DCH,32:32:45.391,00:26:30.007,1,1,A123_2p5Ah_ageing_90k_case,3.2255,-2.4998,23.8324,-1.1038,-3.5969,0.0000,
10/17/2019 10:34:59 PM,57,DCH,32:32:55.385,00:26:40.001,1,1,A123_2p5Ah_ageing_90k_case,3.2250,-2.4998,23.8324,-1.1107,-3.6193,0.0000,
10/17/2019 10:35:09 PM,57,DCH,32:33:05.393,00:26:50.009,1,1,A123_2p5Ah_ageing_90k_case,3.2247,-2.4998,23.9393,-1.1177,-3.6417,0.0000,
10/17/2019 10:35:19 PM,57,DCH,32:33:15.386,00:27:00.002,1,1,A123_2p5Ah_ageing_90k_case,3.2243,-2.4972,23.8324,-1.1246,-3.6640,0.0000,
10/17/2019 10:35:29 PM,57,DCH,32:33:25.382,00:27:09.998,1,1,A123_2p5Ah_ageing_90k_case,3.2240,-2.4998,23.9393,-1.1316,-3.6864,0.0000,
10/17/2019 10:35:39 PM,57,DCH,32:33:35.393,00:27:20.009,1,1,A123_2p5Ah_ageing_90k_case,3.2236,-2.4998,23.8324,-1.1385,-3.7088,0.0000,
10/17/2019 10:35:49 PM,57,DCH,32:33:45.383,00:27:29.999,1,1,A123_2p5Ah_ageing_90k_case,3.2233,-2.4998,23.8324,-1.1454,-3.7312,0.0000,
10/17/2019 10:35:59 PM,57,DCH,32:33:55.382,00:27:39.998,1,1,A123_2p5Ah_ageing_90k_case,3.2230,-2.4998,23.8324,-1.1524,-3.7536,0.0000,
10/17/2019 10:36:09 PM,57,DCH,32:34:05.391,00:27:50.007,1,1,A123_2p5Ah_ageing_90k_case,3.2225,-2.4998,23.8324,-1.1593,-3.7759,0.0000,
10/17/2019 10:36:19 PM,57,DCH,32:34:15.384,00:28:00.000,1,1,A123_2p5Ah_ageing_90k_case,3.2221,-2.4998,23.8324,-1.1663,-3.7983,0.0000,
10/17/2019 10:36:29 PM,57,DCH,32:34:25.401,00:28:10.017,1,1,A123_2p5Ah_ageing_90k_case,3.2218,-2.4998,23.8324,-1.1732,-3.8207,0.0000,
10/17/2019 10:36:39 PM,57,DCH,32:34:35.389,00:28:20.005,1,1,A123_2p5Ah_ageing_90k_case,3.2214,-2.4998,23.7255,-1.1802,-3.8430,0.0000,
10/17/2019 10:36:49 PM,57,DCH,32:34:45.388,00:28:30.004,1,1,A123_2p5Ah_ageing_90k_case,3.2211,-2.4972,23.7255,-1.1871,-3.8654,0.0000,
10/17/2019 10:36:59 PM,57,DCH,32:34:55.383,00:28:39.999,1,1,A123_2p5Ah_ageing_90k_case,3.2206,-2.4998,23.8324,-1.1940,-3.8877,0.0000,
10/17/2019 10:37:09 PM,57,DCH,32:35:05.393,00:28:50.009,1,1,A123_2p5Ah_ageing_90k_case,3.2203,-2.4998,23.8324,-1.2010,-3.9101,0.0000,
10/17/2019 10:37:19 PM,57,DCH,32:35:15.386,00:29:00.002,1,1,A123_2p5Ah_ageing_90k_case,3.2199,-2.4998,23.9393,-1.2079,-3.9325,0.0000,
10/17/2019 10:37:29 PM,57,DCH,32:35:25.382,00:29:09.998,1,1,A123_2p5Ah_ageing_90k_case,3.2196,-2.4998,23.8324,-1.2149,-3.9548,0.0000,
10/17/2019 10:37:39 PM,57,DCH,32:35:35.391,00:29:20.007,1,1,A123_2p5Ah_ageing_90k_case,3.2191,-2.4972,23.8324,-1.2218,-3.9772,0.0000,
10/17/2019 10:37:41 PM,57,DCH,32:35:37.429,00:29:22.045,1,1,A123_2p5Ah_ageing_90k_case,3.2191,-2.4998,23.8324,-1.2233,-3.9819,0.0000,
10/17/2019 10:37:51 PM,58,PAU,32:35:47.441,00:00:09.998,1,1,A123_2p5Ah_ageing_90k_case,3.2560,0.0000,23.7255,-1.2233,-3.9819,0.0000,
10/17/2019 10:38:01 PM,58,PAU,32:35:57.442,00:00:19.999,1,1,A123_2p5Ah_ageing_90k_case,3.2624,0.0000,23.7255,-1.2233,-3.9819,0.0000,
10/17/2019 10:38:11 PM,58,PAU,32:36:07.453,00:00:30.010,1,1,A123_2p5Ah_ageing_90k_case,3.2665,0.0000,23.7255,-1.2233,-3.9819,0.0000,
10/17/2019 10:38:21 PM,58,PAU,32:36:17.448,00:00:40.005,1,1,A123_2p5Ah_ageing_90k_case,3.2694,0.0000,23.7255,-1.2233,-3.9819,0.0000,
10/17/2019 10:38:31 PM,58,PAU,32:36:27.447,00:00:50.004,1,1,A123_2p5Ah_ageing_90k_case,3.2714,0.0000,23.8324,-1.2233,-3.9819,0.0000,
10/17/2019 10:38:41 PM,58,PAU,32:36:37.447,00:01:00.004,1,1,A123_2p5Ah_ageing_90k_case,3.2731,0.0000,23.8324,-1.2233,-3.9819,0.0000,
10/17/2019 10:38:51 PM,58,PAU,32:36:47.446,00:01:10.003,1,1,A123_2p5Ah_ageing_90k_case,3.2743,0.0000,23.7255,-1.2233,-3.9819,0.0000,
10/17/2019 10:39:01 PM,58,PAU,32:36:57.456,00:01:20.013,1,1,A123_2p5Ah_ageing_90k_case,3.2754,0.0000,23.8324,-1.2233,-3.9819,0.0000,
10/17/2019 10:39:11 PM,58,PAU,32:37:07.451,00:01:30.008,1,1,A123_2p5Ah_ageing_90k_case,3.2763,0.0000,23.8324,-1.2233,-3.9819,0.0000,
10/17/2019 10:39:21 PM,58,PAU,32:37:17.442,00:01:39.999,1,1,A123_2p5Ah_ageing_90k_case,3.2769,0.0000,23.6187,-1.2233,-3.9819,0.0000,
10/17/2019 10:39:31 PM,58,PAU,32:37:27.452,00:01:50.009,1,1,A123_2p5Ah_ageing_90k_case,3.2776,0.0000,23.6187,-1.2233,-3.9819,0.0000,
10/17/2019 10:39:41 PM,58,PAU,32:37:37.462,00:02:00.019,1,1,A123_2p5Ah_ageing_90k_case,3.2783,0.0000,23.6187,-1.2233,-3.9819,0.0000,
10/17/2019 10:39:51 PM,58,PAU,32:37:47.448,00:02:10.005,1,1,A123_2p5Ah_ageing_90k_case,3.2788,0.0000,23.7255,-1.2233,-3.9819,0.0000,
10/17/2019 10:40:01 PM,58,PAU,32:37:57.450,00:02:20.007,1,1,A123_2p5Ah_ageing_90k_case,3.2793,0.0000,23.7255,-1.2233,-3.9819,0.0000,
10/17/2019 10:40:11 PM,58,PAU,32:38:07.450,00:02:30.007,1,1,A123_2p5Ah_ageing_90k_case,3.2796,0.0000,23.7255,-1.2233,-3.9819,0.0000,
10/17/2019 10:40:21 PM,58,PAU,32:38:17.460,00:02:40.017,1,1,A123_2p5Ah_ageing_90k_case,3.2800,0.0000,23.5118,-1.2233,-3.9819,0.0000,
10/17/2019 10:40:31 PM,58,PAU,32:38:27.444,00:02:50.001,1,1,A123_2p5Ah_ageing_90k_case,3.2803,0.0000,23.6187,-1.2233,-3.9819,0.0000,
10/17/2019 10:40:41 PM,58,PAU,32:38:37.444,00:03:00.001,1,1,A123_2p5Ah_ageing_90k_case,3.2807,0.0000,23.6187,-1.2233,-3.9819,0.0000,
10/17/2019 10:40:51 PM,58,PAU,32:38:47.446,00:03:10.003,1,1,A123_2p5Ah_ageing_90k_case,3.2810,0.0000,23.6187,-1.2233,-3.9819,0.0000,
10/17/2019 10:41:01 PM,58,PAU,32:38:57.445,00:03:20.002,1,1,A123_2p5Ah_ageing_90k_case,3.2813,0.0000,23.7255,-1.2233,-3.9819,0.0000,
10/17/2019 10:41:11 PM,58,PAU,32:39:07.450,00:03:30.007,1,1,A123_2p5Ah_ageing_90k_case,3.2815,0.0000,23.6187,-1.2233,-3.9819,0.0000,
10/17/2019 10:41:21 PM,58,PAU,32:39:17.453,00:03:40.010,1,1,A123_2p5Ah_ageing_90k_case,3.2818,0.0000,23.7255,-1.2233,-3.9819,0.0000,
10/17/2019 10:41:31 PM,58,PAU,32:39:27.452,00:03:50.009,1,1,A123_2p5Ah_ageing_90k_case,3.2820,0.0000,23.6187,-1.2233,-3.9819,0.0000,
10/17/2019 10:41:41 PM,58,PAU,32:39:37.454,00:04:00.011,1,1,A123_2p5Ah_ageing_90k_case,3.2822,0.0000,23.7255,-1.2233,-3.9819,0.0000,
10/17/2019 10:41:51 PM,58,PAU,32:39:47.451,00:04:10.008,1,1,A123_2p5Ah_ageing_90k_case,3.2825,0.0000,23.6187,-1.2233,-3.9819,0.0000,
10/17/2019 10:42:01 PM,58,PAU,32:39:57.445,00:04:20.002,1,1,A123_2p5Ah_ageing_90k_case,3.2827,0.0000,23.6187,-1.2233,-3.9819,0.0000,
10/17/2019 10:42:11 PM,58,PAU,32:40:07.442,00:04:29.999,1,1,A123_2p5Ah_ageing_90k_case,3.2829,0.0000,23.7255,-1.2233,-3.9819,0.0000,
10/17/2019 10:42:21 PM,58,PAU,32:40:17.445,00:04:40.002,1,1,A123_2p5Ah_ageing_90k_case,3.2830,0.0000,23.6187,-1.2233,-3.9819,0.0000,
10/17/2019 10:42:31 PM,58,PAU,32:40:27.451,00:04:50.008,1,1,A123_2p5Ah_ageing_90k_case,3.2832,0.0000,23.7255,-1.2233,-3.9819,0.0000,
10/17/2019 10:42:41 PM,58,PAU,32:40:37.452,00:05:00.009,1,1,A123_2p5Ah_ageing_90k_case,3.2834,0.0000,23.8324,-1.2233,-3.9819,0.0000,
10/17/2019 10:42:41 PM,58,PAU,32:40:37.452,00:05:00.009,1,1,A123_2p5Ah_ageing_90k_case,3.2834,0.0000,23.8324,-1.2233,-3.9819,0.0000,
10/18/2019 9:52:44 AM,56,PAU,43:50:37.251,00:00:10.007,2,1,A123_2p5Ah_ageing_90k_case,3.4728,0.0000,23.7255,0.0000,0.0000,20.0000,
10/18/2019 9:52:54 AM,56,PAU,43:50:47.243,00:00:19.999,2,1,A123_2p5Ah_ageing_90k_case,3.4723,0.0000,23.7255,0.0000,0.0000,20.0000,
10/18/2019 9:53:04 AM,56,PAU,43:50:57.243,00:00:29.999,2,1,A123_2p5Ah_ageing_90k_case,3.4718,0.0000,23.6187,0.0000,0.0000,20.0000,
10/18/2019 9:53:14 AM,56,PAU,43:51:07.242,00:00:39.998,2,1,A123_2p5Ah_ageing_90k_case,3.4713,0.0000,23.6187,0.0000,0.0000,20.0000,
10/18/2019 9:53:24 AM,56,PAU,43:51:17.244,00:00:50.000,2,1,A123_2p5Ah_ageing_90k_case,3.4708,0.0000,23.8324,0.0000,0.0000,20.0000,
10/18/2019 9:53:34 AM,56,PAU,43:51:27.256,00:01:00.012,2,1,A123_2p5Ah_ageing_90k_case,3.4704,0.0000,23.7255,0.0000,0.0000,20.0000,
10/18/2019 9:53:34 AM,56,PAU,43:51:27.256,00:01:00.012,2,1,A123_2p5Ah_ageing_90k_case,3.4704,0.0000,23.7255,0.0000,0.0000,20.0000,
10/18/2019 9:53:44 AM,57,DCH,43:51:37.272,00:00:10.001,2,1,A123_2p5Ah_ageing_90k_case,3.3783,-2.4998,23.8324,-0.0069,-0.0237,20.0000,
10/18/2019 9:53:54 AM,57,DCH,43:51:47.275,00:00:20.004,2,1,A123_2p5Ah_ageing_90k_case,3.3459,-2.4998,23.6187,-0.0139,-0.0470,20.0000,
10/18/2019 9:54:04 AM,57,DCH,43:51:57.278,00:00:30.007,2,1,A123_2p5Ah_ageing_90k_case,3.3262,-2.4998,23.6187,-0.0208,-0.0701,20.0000,
10/18/2019 9:54:14 AM,57,DCH,43:52:07.266,00:00:39.995,2,1,A123_2p5Ah_ageing_90k_case,3.3132,-2.4998,23.6187,-0.0278,-0.0932,20.0000,
10/18/2019 9:54:24 AM,57,DCH,43:52:17.281,00:00:50.010,2,1,A123_2p5Ah_ageing_90k_case,3.3046,-2.4998,23.7255,-0.0347,-0.1162,20.0000,
10/18/2019 9:54:34 AM,57,DCH,43:52:27.270,00:00:59.999,2,1,A123_2p5Ah_ageing_90k_case,3.2985,-2.4972,23.7255,-0.0417,-0.1391,20.0000,
10/18/2019 9:54:44 AM,57,DCH,43:52:37.283,00:01:10.012,2,1,A123_2p5Ah_ageing_90k_case,3.2945,-2.4998,23.7255,-0.0486,-0.1620,20.0000,
10/18/2019 9:54:54 AM,57,DCH,43:52:47.274,00:01:20.003,2,1,A123_2p5Ah_ageing_90k_case,3.2918,-2.4998,23.7255,-0.0555,-0.1848,20.0000,
10/18/2019 9:55:04 AM,57,DCH,43:52:57.274,00:01:30.003,2,1,A123_2p5Ah_ageing_90k_case,3.2899,-2.4998,23.7255,-0.0625,-0.2077,20.0000,
10/18/2019 9:55:14 AM,57,DCH,43:53:07.279,00:01:40.008,2,1,A123_2p5Ah_ageing_90k_case,3.2886,-2.4972,23.7255,-0.0694,-0.2305,20.0000,
10/18/2019 9:55:24 AM,57,DCH,43:53:17.268,00:01:49.997,2,1,A123_2p5Ah_ageing_90k_case,3.2876,-2.4998,23.6187,-0.0764,-0.2533,20.0000,
10/18/2019 9:55:34 AM,57,DCH,43:53:27.278,00:02:00.007,2,1,A123_2p5Ah_ageing_90k_case,3.2869,-2.4998,23.7255,-0.0833,-0.2762,20.0000,
10/18/2019 9:55:44 AM,57,DCH,43:53:37.288,00:02:10.017,2,1,A123_2p5Ah_ageing_90k_case,3.2862,-2.4998,23.7255,-0.0903,-0.2990,20.0000,
10/18/2019 9:55:54 AM,57,DCH,43:53:47.270,00:02:19.999,2,1,A123_2p5Ah_ageing_90k_case,3.2855,-2.4998,23.7255,-0.0972,-0.3218,20.0000,
10/18/2019 9:56:04 AM,57,DCH,43:53:57.269,00:02:29.998,2,1,A123_2p5Ah_ageing_90k_case,3.2850,-2.4972,23.7255,-0.1041,-0.3446,20.0000,
10/18/2019 9:56:14 AM,57,DCH,43:54:07.285,00:02:40.014,2,1,A123_2p5Ah_ageing_90k_case,3.2845,-2.4998,23.8324,-0.1111,-0.3674,20.0000,
10/18/2019 9:56:24 AM,57,DCH,43:54:17.273,00:02:50.002,2,1,A123_2p5Ah_ageing_90k_case,3.2840,-2.4972,23.7255,-0.1180,-0.3902,20.0000,
10/18/2019 9:56:34 AM,57,DCH,43:54:27.274,00:03:00.003,2,1,A123_2p5Ah_ageing_90k_case,3.2835,-2.4998,23.8324,-0.1250,-0.4130,20.0000,
10/18/2019 9:56:44 AM,57,DCH,43:54:37.272,00:03:10.001,2,1,A123_2p5Ah_ageing_90k_case,3.2830,-2.4998,23.7255,-0.1319,-0.4358,20.0000,
10/18/2019 9:56:54 AM,57,DCH,43:54:47.276,00:03:20.005,2,1,A123_2p5Ah_ageing_90k_case,3.2827,-2.4998,23.8324,-0.1388,-0.4586,20.0000,
10/18/2019 9:57:04 AM,57,DCH,43:54:57.279,00:03:30.008,2,1,A123_2p5Ah_ageing_90k_case,3.2822,-2.4998,23.8324,-0.1458,-0.4814,20.0000,
10/18/2019 9:57:14 AM,57,DCH,43:55:07.277,00:03:40.006,2,1,A123_2p5Ah_ageing_90k_case,3.2818,-2.4998,23.7255,-0.1527,-0.5041,20.0000,
10/18/2019 9:57:24 AM,57,DCH,43:55:17.282,00:03:50.011,2,1,A123_2p5Ah_ageing_90k_case,3.2815,-2.4998,23.8324,-0.1597,-0.5270,20.0000,
10/18/2019 9:57:34 AM,57,DCH,43:55:27.273,00:04:00.002,2,1,A123_2p5Ah_ageing_90k_case,3.2810,-2.4998,23.7255,-0.1666,-0.5497,20.0000,
10/18/2019 9:57:44 AM,57,DCH,43:55:37.277,00:04:10.006,2,1,A123_2p5Ah_ageing_90k_case,3.2807,-2.4998,23.8324,-0.1736,-0.5725,20.0000,
10/18/2019 9:57:54 AM,57,DCH,43:55:47.275,00:04:20.004,2,1,A123_2p5Ah_ageing_90k_case,3.2803,-2.4998,23.8324,-0.1805,-0.5953,20.0000,
10/18/2019 9:58:04 AM,57,DCH,43:55:57.270,00:04:29.999,2,1,A123_2p5Ah_ageing_90k_case,3.2800,-2.4998,23.8324,-0.1874,-0.6180,20.0000,
10/18/2019 9:58:14 AM,57,DCH,43:56:07.277,00:04:40.006,2,1,A123_2p5Ah_ageing_90k_case,3.2795,-2.4998,23.8324,-0.1944,-0.6408,20.0000,
10/18/2019 9:58:24 AM,57,DCH,43:56:17.272,00:04:50.001,2,1,A123_2p5Ah_ageing_90k_case,3.2791,-2.4998,23.9393,-0.2013,-0.6636,20.0000,
10/18/2019 9:58:34 AM,57,DCH,43:56:27.281,00:05:00.010,2,1,A123_2p5Ah_ageing_90k_case,3.2788,-2.4972,23.8324,-0.2083,-0.6863,20.0000,
10/18/2019 9:58:44 AM,57,DCH,43:56:37.281,00:05:10.010,2,1,A123_2p5Ah_ageing_90k_case,3.2785,-2.4998,23.7255,-0.2152,-0.7091,20.0000,
10/18/2019 9:58:54 AM,57,DCH,43:56:47.270,00:05:19.999,2,1,A123_2p5Ah_ageing_90k_case,3.2780,-2.4998,23.7255,-0.2222,-0.7319,20.0000,
10/18/2019 9:59:04 AM,57,DCH,43:56:57.281,00:05:30.010,2,1,A123_2p5Ah_ageing_90k_case,3.2776,-2.4998,23.7255,-0.2291,-0.7546,20.0000,
10/18/2019 9:59:14 AM,57,DCH,43:57:07.275,00:05:40.004,2,1,A123_2p5Ah_ageing_90k_case,3.2773,-2.4998,23.8324,-0.2360,-0.7774,20.0000,
10/18/2019 9:59:24 AM,57,DCH,43:57:17.282,00:05:50.011,2,1,A123_2p5Ah_ageing_90k_case,3.2769,-2.4998,23.8324,-0.2430,-0.8001,20.0000,
10/18/2019 9:59:34 AM,57,DCH,43:57:27.280,00:06:00.009,2,1,A123_2p5Ah_ageing_90k_case,3.2766,-2.4972,23.8324,-0.2499,-0.8228,20.0000,
10/18/2019 9:59:44 AM,57,DCH,43:57:37.274,00:06:10.003,2,1,A123_2p5Ah_ageing_90k_case,3.2763,-2.4998,23.9393,-0.2569,-0.8456,20.0000,
10/18/2019 9:59:54 AM,57,DCH,43:57:47.293,00:06:20.022,2,1,A123_2p5Ah_ageing_90k_case,3.2759,-2.4998,23.8324,-0.2638,-0.8683,20.0000,
10/18/2019 10:00:04 AM,57,DCH,43:57:57.275,00:06:30.004,2,1,A123_2p5Ah_ageing_90k_case,3.2754,-2.4998,23.8324,-0.2707,-0.8911,20.0000,
10/18/2019 10:00:14 AM,57,DCH,43:58:07.272,00:06:40.001,2,1,A123_2p5Ah_ageing_90k_case,3.2751,-2.4998,23.8324,-0.2777,-0.9138,20.0000,
10/18/2019 10:00:24 AM,57,DCH,43:58:17.282,00:06:50.011,2,1,A123_2p5Ah_ageing_90k_case,3.2747,-2.4998,23.7255,-0.2846,-0.9366,20.0000,
10/18/2019 10:00:34 AM,57,DCH,43:58:27.276,00:07:00.005,2,1,A123_2p5Ah_ageing_90k_case,3.2744,-2.4998,23.8324,-0.2916,-0.9593,20.0000,
10/18/2019 10:00:44 AM,57,DCH,43:58:37.270,00:07:09.999,2,1,A123_2p5Ah_ageing_90k_case,3.2741,-2.4998,23.8324,-0.2985,-0.9820,20.0000,
10/18/2019 10:00:54 AM,57,DCH,43:58:47.269,00:07:19.998,2,1,A123_2p5Ah_ageing_90k_case,3.2737,-2.4972,23.8324,-0.3055,-1.0047,20.0000,
10/18/2019 10:01:04 AM,57,DCH,43:58:57.273,00:07:30.002,2,1,A123_2p5Ah_ageing_90k_case,3.2734,-2.4998,23.8324,-0.3124,-1.0275,20.0000,
10/18/2019 10:01:14 AM,57,DCH,43:59:07.277,00:07:40.006,2,1,A123_2p5Ah_ageing_90k_case,3.2729,-2.4998,23.8324,-0.3193,-1.0502,20.0000,
10/18/2019 10:01:24 AM,57,DCH,43:59:17.274,00:07:50.003,2,1,A123_2p5Ah_ageing_90k_case,3.2726,-2.4998,23.9393,-0.3263,-1.0729,20.0000,
10/18/2019 10:01:34 AM,57,DCH,43:59:27.270,00:07:59.999,2,1,A123_2p5Ah_ageing_90k_case,3.2722,-2.4972,23.9393,-0.3332,-1.0956,20.0000,
10/18/2019 10:01:44 AM,57,DCH,43:59:37.281,00:08:10.010,2,1,A123_2p5Ah_ageing_90k_case,3.2719,-2.4998,23.9393,-0.3402,-1.1183,20.0000,
10/18/2019 10:01:54 AM,57,DCH,43:59:47.275,00:08:20.004,2,1,A123_2p5Ah_ageing_90k_case,3.2715,-2.4972,23.9393,-0.3471,-1.1410,20.0000,
10/18/2019 10:02:04 AM,57,DCH,43:59:57.276,00:08:30.005,2,1,A123_2p5Ah_ageing_90k_case,3.2710,-2.4998,23.8324,-0.3540,-1.1637,20.0000,
10/18/2019 10:02:14 AM,57,DCH,44:00:07.268,00:08:39.997,2,1,A123_2p5Ah_ageing_90k_case,3.2707,-2.4972,23.9393,-0.3610,-1.1865,20.0000,
10/18/2019 10:02:24 AM,57,DCH,44:00:17.274,00:08:50.003,2,1,A123_2p5Ah_ageing_90k_case,3.2704,-2.4972,23.9393,-0.3679,-1.2091,20.0000,
10/18/2019 10:02:34 AM,57,DCH,44:00:27.272,00:09:00.001,2,1,A123_2p5Ah_ageing_90k_case,3.2700,-2.4972,23.8324,-0.3749,-1.2319,20.0000,
10/18/2019 10:02:44 AM,57,DCH,44:00:37.281,00:09:10.010,2,1,A123_2p5Ah_ageing_90k_case,3.2695,-2.4972,23.9393,-0.3818,-1.2546,20.0000,
10/18/2019 10:02:54 AM,57,DCH,44:00:47.276,00:09:20.005,2,1,A123_2p5Ah_ageing_90k_case,3.2692,-2.4998,23.8324,-0.3888,-1.2772,20.0000,
10/18/2019 10:03:04 AM,57,DCH,44:00:57.271,00:09:30.000,2,1,A123_2p5Ah_ageing_90k_case,3.2688,-2.4998,24.0462,-0.3957,-1.3000,20.0000,
10/18/2019 10:03:14 AM,57,DCH,44:01:07.280,00:09:40.009,2,1,A123_2p5Ah_ageing_90k_case,3.2683,-2.4998,23.8324,-0.4026,-1.3226,20.0000,
10/18/2019 10:03:24 AM,57,DCH,44:01:17.275,00:09:50.004,2,1,A123_2p5Ah_ageing_90k_case,3.2680,-2.4972,23.9393,-0.4096,-1.3453,20.0000,
10/18/2019 10:03:34 AM,57,DCH,44:01:27.279,00:10:00.008,2,1,A123_2p5Ah_ageing_90k_case,3.2677,-2.4972,23.9393,-0.4165,-1.3680,20.0000,
10/18/2019 10:03:44 AM,57,DCH,44:01:37.284,00:10:10.013,2,1,A123_2p5Ah_ageing_90k_case,3.2672,-2.4972,23.9393,-0.4235,-1.3907,20.0000,
10/18/2019 10:03:54 AM,57,DCH,44:01:47.274,00:10:20.003,2,1,A123_2p5Ah_ageing_90k_case,3.2668,-2.4972,23.9393,-0.4304,-1.4134,20.0000,
10/18/2019 10:04:04 AM,57,DCH,44:01:57.271,00:10:30.000,2,1,A123_2p5Ah_ageing_90k_case,3.2663,-2.4972,23.9393,-0.4374,-1.4361,20.0000,
10/18/2019 10:04:14 AM,57,DCH,44:02:07.275,00:10:40.004,2,1,A123_2p5Ah_ageing_90k_case,3.2660,-2.4998,23.8324,-0.4443,-1.4587,20.0000,
10/18/2019 10:04:24 AM,57,DCH,44:02:17.276,00:10:50.005,2,1,A123_2p5Ah_ageing_90k_case,3.2655,-2.4972,23.8324,-0.4512,-1.4814,20.0000,
10/18/2019 10:04:34 AM,57,DCH,44:02:27.274,00:11:00.003,2,1,A123_2p5Ah_ageing_90k_case,3.2651,-2.4998,23.8324,-0.4582,-1.5040,20.0000,
10/18/2019 10:04:44 AM,57,DCH,44:02:37.284,00:11:10.013,2,1,A123_2p5Ah_ageing_90k_case,3.2646,-2.4998,23.9393,-0.4651,-1.5268,20.0000,
10/18/2019 10:04:54 AM,57,DCH,44:02:47.279,00:11:20.008,2,1,A123_2p5Ah_ageing_90k_case,3.2643,-2.4998,23.9393,-0.4721,-1.5494,20.0000,
10/18/2019 10:05:04 AM,57,DCH,44:02:57.275,00:11:30.004,2,1,A123_2p5Ah_ageing_90k_case,3.2638,-2.4998,23.9393,-0.4790,-1.5720,20.0000,
10/18/2019 10:05:14 AM,57,DCH,44:03:07.270,00:11:39.999,2,1,A123_2p5Ah_ageing_90k_case,3.2634,-2.4972,23.9393,-0.4860,-1.5947,20.0000,
10/18/2019 10:05:24 AM,57,DCH,44:03:17.268,00:11:49.997,2,1,A123_2p5Ah_ageing_90k_case,3.2629,-2.4972,23.9393,-0.4929,-1.6174,20.0000,
10/18/2019 10:05:34 AM,57,DCH,44:03:27.279,00:12:00.008,2,1,A123_2p5Ah_ageing_90k_case,3.2624,-2.4998,23.9393,-0.4998,-1.6400,20.0000,
10/18/2019 10:05:44 AM,57,DCH,44:03:37.277,00:12:10.006,2,1,A123_2p5Ah_ageing_90k_case,3.2621,-2.4998,23.9393,-0.5068,-1.6626,20.0000,
10/18/2019 10:05:54 AM,57,DCH,44:03:47.275,00:12:20.004,2,1,A123_2p5Ah_ageing_90k_case,3.2616,-2.4998,24.0462,-0.5137,-1.6853,20.0000,
10/18/2019 10:06:04 AM,57,DCH,44:03:57.282,00:12:30.011,2,1,A123_2p5Ah_ageing_90k_case,3.2611,-2.4972,23.9393,-0.5207,-1.7080,20.0000,
10/18/2019 10:06:14 AM,57,DCH,44:04:07.282,00:12:40.011,2,1,A123_2p5Ah_ageing_90k_case,3.2607,-2.4998,23.9393,-0.5276,-1.7306,20.0000,
10/18/2019 10:06:24 AM,57,DCH,44:04:17.281,00:12:50.010,2,1,A123_2p5Ah_ageing_90k_case,3.2602,-2.4972,23.9393,-0.5345,-1.7532,20.0000,
10/18/2019 10:06:34 AM,57,DCH,44:04:27.276,00:13:00.005,2,1,A123_2p5Ah_ageing_90k_case,3.2597,-2.4998,23.8324,-0.5415,-1.7759,20.0000,
10/18/2019 10:06:44 AM,57,DCH,44:04:37.277,00:13:10.006,2,1,A123_2p5Ah_ageing_90k_case,3.2592,-2.4998,23.9393,-0.5484,-1.7985,20.0000,
10/18/2019 10:06:54 AM,57,DCH,44:04:47.269,00:13:19.998,2,1,A123_2p5Ah_ageing_90k_case,3.2589,-2.4998,23.8324,-0.5554,-1.8211,20.0000,
10/18/2019 10:07:04 AM,57,DCH,44:04:57.281,00:13:30.010,2,1,A123_2p5Ah_ageing_90k_case,3.2584,-2.4998,23.8324,-0.5623,-1.8437,20.0000,
10/18/2019 10:07:14 AM,57,DCH,44:05:07.279,00:13:40.008,2,1,A123_2p5Ah_ageing_90k_case,3.2579,-2.4998,23.8324,-0.5693,-1.8664,20.0000,
10/18/2019 10:07:24 AM,57,DCH,44:05:17.275,00:13:50.004,2,1,A123_2p5Ah_ageing_90k_case,3.2574,-2.4998,23.8324,-0.5762,-1.8889,20.0000,
10/18/2019 10:07:34 AM,57,DCH,44:05:27.272,00:14:00.001,2,1,A123_2p5Ah_ageing_90k_case,3.2569,-2.4998,23.9393,-0.5831,-1.9116,20.0000,
10/18/2019 10:07:44 AM,57,DCH,44:05:37.272,00:14:10.001,2,1,A123_2p5Ah_ageing_90k_case,3.2564,-2.4998,24.0462,-0.5901,-1.9342,20.0000,
10/18/2019 10:07:54 AM,57,DCH,44:05:47.282,00:14:20.011,2,1,A123_2p5Ah_ageing_90k_case,3.2560,-2.4998,24.0462,-0.5970,-1.9568,20.0000,
10/18/2019 10:08:04 AM,57,DCH,44:05:57.282,00:14:30.011,2,1,A123_2p5Ah_ageing_90k_case,3.2555,-2.4972,23.9393,-0.6040,-1.9794,20.0000,
10/18/2019 10:08:14 AM,57,DCH,44:06:07.276,00:14:40.005,2,1,A123_2p5Ah_ageing_90k_case,3.2550,-2.4998,23.9393,-0.6109,-2.0020,20.0000,
10/18/2019 10:08:24 AM,57,DCH,44:06:17.274,00:14:50.003,2,1,A123_2p5Ah_ageing_90k_case,3.2545,-2.4998,23.9393,-0.6178,-2.0245,20.0000,
10/18/2019 10:08:34 AM,57,DCH,44:06:27.275,00:15:00.004,2,1,A123_2p5Ah_ageing_90k_case,3.2540,-2.4998,23.9393,-0.6248,-2.0472,20.0000,
10/18/2019 10:08:44 AM,57,DCH,44:06:37.272,00:15:10.001,2,1,A123_2p5Ah_ageing_90k_case,3.2535,-2.4998,24.0462,-0.6317,-2.0698,20.0000,
10/18/2019 10:08:54 AM,57,DCH,44:06:47.278,00:15:20.007,2,1,A123_2p5Ah_ageing_90k_case,3.2530,-2.4972,23.9393,-0.6387,-2.0923,20.0000,
10/18/2019 10:09:04 AM,57,DCH,44:06:57.273,00:15:30.002,2,1,A123_2p5Ah_ageing_90k_case,3.2525,-2.4998,23.9393,-0.6456,-2.1149,20.0000,
10/18/2019 10:09:14 AM,57,DCH,44:07:07.282,00:15:40.011,2,1,A123_2p5Ah_ageing_90k_case,3.2520,-2.4998,23.9393,-0.6526,-2.1375,20.0000,
10/18/2019 10:09:24 AM,57,DCH,44:07:17.287,00:15:50.016,2,1,A123_2p5Ah_ageing_90k_case,3.2515,-2.4972,23.9393,-0.6595,-2.1601,20.0000,
10/18/2019 10:09:34 AM,57,DCH,44:07:27.273,00:16:00.002,2,1,A123_2p5Ah_ageing_90k_case,3.2510,-2.4972,23.9393,-0.6664,-2.1826,20.0000,
10/18/2019 10:09:44 AM,57,DCH,44:07:37.269,00:16:09.998,2,1,A123_2p5Ah_ageing_90k_case,3.2505,-2.4998,23.9393,-0.6734,-2.2052,20.0000,
10/18/2019 10:09:54 AM,57,DCH,44:07:47.279,00:16:20.008,2,1,A123_2p5Ah_ageing_90k_case,3.2500,-2.4998,24.0462,-0.6803,-2.2278,20.0000,
10/18/2019 10:10:04 AM,57,DCH,44:07:57.285,00:16:30.014,2,1,A123_2p5Ah_ageing_90k_case,3.2494,-2.4998,23.9393,-0.6873,-2.2503,20.0000,
10/18/2019 10:10:14 AM,57,DCH,44:08:07.281,00:16:40.010,2,1,A123_2p5Ah_ageing_90k_case,3.2489,-2.4998,23.9393,-0.6942,-2.2729,20.0000,
10/18/2019 10:10:24 AM,57,DCH,44:08:17.277,00:16:50.006,2,1,A123_2p5Ah_ageing_90k_case,3.2484,-2.4998,23.9393,-0.7011,-2.2954,20.0000,
10/18/2019 10:10:34 AM,57,DCH,44:08:27.273,00:17:00.002,2,1,A123_2p5Ah_ageing_90k_case,3.2479,-2.4998,23.9393,-0.7081,-2.3180,20.0000,
10/18/2019 10:10:44 AM,57,DCH,44:08:37.280,00:17:10.009,2,1,A123_2p5Ah_ageing_90k_case,3.2474,-2.4998,23.9393,-0.7150,-2.3405,20.0000,
10/18/2019 10:10:54 AM,57,DCH,44:08:47.275,00:17:20.004,2,1,A123_2p5Ah_ageing_90k_case,3.2469,-2.4972,23.9393,-0.7220,-2.3630,20.0000,
10/18/2019 10:11:04 AM,57,DCH,44:08:57.273,00:17:30.002,2,1,A123_2p5Ah_ageing_90k_case,3.2464,-2.4998,23.9393,-0.7289,-2.3856,20.0000,
10/18/2019 10:11:14 AM,57,DCH,44:09:07.295,00:17:40.024,2,1,A123_2p5Ah_ageing_90k_case,3.2459,-2.4972,23.8324,-0.7359,-2.4081,20.0000,
10/18/2019 10:11:24 AM,57,DCH,44:09:17.275,00:17:50.004,2,1,A123_2p5Ah_ageing_90k_case,3.2454,-2.4998,23.9393,-0.7428,-2.4307,20.0000,
10/18/2019 10:11:34 AM,57,DCH,44:09:27.273,00:18:00.002,2,1,A123_2p5Ah_ageing_90k_case,3.2449,-2.4998,23.8324,-0.7498,-2.4532,20.0000,
10/18/2019 10:11:44 AM,57,DCH,44:09:37.270,00:18:09.999,2,1,A123_2p5Ah_ageing_90k_case,3.2444,-2.4998,23.8324,-0.7567,-2.4757,20.0000,
10/18/2019 10:11:54 AM,57,DCH,44:09:47.276,00:18:20.005,2,1,A123_2p5Ah_ageing_90k_case,3.2441,-2.4998,23.8324,-0.7636,-2.4982,20.0000,
10/18/2019 10:12:04 AM,57,DCH,44:09:57.274,00:18:30.003,2,1,A123_2p5Ah_ageing_90k_case,3.2435,-2.4998,23.9393,-0.7706,-2.5208,20.0000,
10/18/2019 10:12:14 AM,57,DCH,44:10:07.269,00:18:39.998,2,1,A123_2p5Ah_ageing_90k_case,3.2430,-2.4998,23.9393,-0.7775,-2.5433,20.0000,
10/18/2019 10:12:24 AM,57,DCH,44:10:17.281,00:18:50.010,2,1,A123_2p5Ah_ageing_90k_case,3.2425,-2.4972,23.9393,-0.7845,-2.5658,20.0000,
10/18/2019 10:12:34 AM,57,DCH,44:10:27.278,00:19:00.007,2,1,A123_2p5Ah_ageing_90k_case,3.2422,-2.4998,23.9393,-0.7914,-2.5883,20.0000,
10/18/2019 10:12:44 AM,57,DCH,44:10:37.275,00:19:10.004,2,1,A123_2p5Ah_ageing_90k_case,3.2417,-2.4972,23.9393,-0.7983,-2.6108,20.0000,
10/18/2019 10:12:54 AM,57,DCH,44:10:47.271,00:19:20.000,2,1,A123_2p5Ah_ageing_90k_case,3.2412,-2.4998,23.8324,-0.8053,-2.6333,20.0000,
10/18/2019 10:13:04 AM,57,DCH,44:10:57.269,00:19:29.998,2,1,A123_2p5Ah_ageing_90k_case,3.2408,-2.4998,23.9393,-0.8122,-2.6558,20.0000,
10/18/2019 10:13:14 AM,57,DCH,44:11:07.279,00:19:40.008,2,1,A123_2p5Ah_ageing_90k_case,3.2403,-2.4998,23.9393,-0.8192,-2.6783,20.0000,
10/18/2019 10:13:24 AM,57,DCH,44:11:17.277,00:19:50.006,2,1,A123_2p5Ah_ageing_90k_case,3.2400,-2.4972,23.9393,-0.8261,-2.7008,20.0000,
10/18/2019 10:13:34 AM,57,DCH,44:11:27.272,00:20:00.001,2,1,A123_2p5Ah_ageing_90k_case,3.2395,-2.4998,23.8324,-0.8331,-2.7233,20.0000,
10/18/2019 10:13:44 AM,57,DCH,44:11:37.268,00:20:09.997,2,1,A123_2p5Ah_ageing_90k_case,3.2392,-2.4972,23.8324,-0.8400,-2.7458,20.0000,
10/18/2019 10:13:54 AM,57,DCH,44:11:47.286,00:20:20.015,2,1,A123_2p5Ah_ageing_90k_case,3.2387,-2.4972,23.8324,-0.8469,-2.7682,20.0000,
10/18/2019 10:14:04 AM,57,DCH,44:11:57.270,00:20:29.999,2,1,A123_2p5Ah_ageing_90k_case,3.2383,-2.4998,23.8324,-0.8539,-2.7907,20.0000,
10/18/2019 10:14:14 AM,57,DCH,44:12:07.281,00:20:40.010,2,1,A123_2p5Ah_ageing_90k_case,3.2380,-2.4972,23.7255,-0.8608,-2.8132,20.0000,
10/18/2019 10:14:24 AM,57,DCH,44:12:17.276,00:20:50.005,2,1,A123_2p5Ah_ageing_90k_case,3.2375,-2.4998,23.9393,-0.8678,-2.8357,20.0000,
10/18/2019 10:14:34 AM,57,DCH,44:12:27.275,00:21:00.004,2,1,A123_2p5Ah_ageing_90k_case,3.2371,-2.4998,23.9393,-0.8747,-2.8582,20.0000,
10/18/2019 10:14:44 AM,57,DCH,44:12:37.269,00:21:09.998,2,1,A123_2p5Ah_ageing_90k_case,3.2366,-2.4998,23.8324,-0.8816,-2.8806,20.0000,
10/18/2019 10:14:54 AM,57,DCH,44:12:47.280,00:21:20.009,2,1,A123_2p5Ah_ageing_90k_case,3.2363,-2.4998,23.8324,-0.8886,-2.9031,20.0000,
10/18/2019 10:15:04 AM,57,DCH,44:12:57.280,00:21:30.009,2,1,A123_2p5Ah_ageing_90k_case,3.2360,-2.4998,23.8324,-0.8955,-2.9256,20.0000,
10/18/2019 10:15:14 AM,57,DCH,44:13:07.282,00:21:40.011,2,1,A123_2p5Ah_ageing_90k_case,3.2354,-2.4998,23.8324,-0.9025,-2.9480,20.0000,
10/18/2019 10:15:24 AM,57,DCH,44:13:17.289,00:21:50.018,2,1,A123_2p5Ah_ageing_90k_case,3.2351,-2.4998,23.8324,-0.9094,-2.9705,20.0000,
10/18/2019 10:15:34 AM,57,DCH,44:13:27.279,00:22:00.008,2,1,A123_2p5Ah_ageing_90k_case,3.2348,-2.4998,23.7255,-0.9164,-2.9929,20.0000,
10/18/2019 10:15:44 AM,57,DCH,44:13:37.279,00:22:10.008,2,1,A123_2p5Ah_ageing_90k_case,3.2344,-2.4998,23.7255,-0.9233,-3.0154,20.0000,
10/18/2019 10:15:54 AM,57,DCH,44:13:47.275,00:22:20.004,2,1,A123_2p5Ah_ageing_90k_case,3.2339,-2.4998,23.8324,-0.9302,-3.0379,20.0000,
10/18/2019 10:16:04 AM,57,DCH,44:13:57.279,00:22:30.008,2,1,A123_2p5Ah_ageing_90k_case,3.2336,-2.4998,23.8324,-0.9372,-3.0603,20.0000,
10/18/2019 10:16:14 AM,57,DCH,44:14:07.276,00:22:40.005,2,1,A123_2p5Ah_ageing_90k_case,3.2333,-2.4998,23.8324,-0.9441,-3.0827,20.0000,
10/18/2019 10:16:24 AM,57,DCH,44:14:17.288,00:22:50.017,2,1,A123_2p5Ah_ageing_90k_case,3.2329,-2.4998,23.7255,-0.9511,-3.1052,20.0000,
10/18/2019 10:16:34 AM,57,DCH,44:14:27.272,00:23:00.001,2,1,A123_2p5Ah_ageing_90k_case,3.2324,-2.4998,23.8324,-0.9580,-3.1277,20.0000,
10/18/2019 10:16:44 AM,57,DCH,44:14:37.270,00:23:09.999,2,1,A123_2p5Ah_ageing_90k_case,3.2321,-2.4972,23.8324,-0.9650,-3.1501,20.0000,
10/18/2019 10:16:54 AM,57,DCH,44:14:47.281,00:23:20.010,2,1,A123_2p5Ah_ageing_90k_case,3.2317,-2.4998,23.7255,-0.9719,-3.1725,20.0000,
10/18/2019 10:17:04 AM,57,DCH,44:14:57.272,00:23:30.001,2,1,A123_2p5Ah_ageing_90k_case,3.2314,-2.4998,23.8324,-0.9788,-3.1950,20.0000,
10/18/2019 10:17:14 AM,57,DCH,44:15:07.281,00:23:40.010,2,1,A123_2p5Ah_ageing_90k_case,3.2309,-2.4998,23.8324,-0.9858,-3.2174,20.0000,
10/18/2019 10:17:24 AM,57,DCH,44:15:17.271,00:23:50.000,2,1,A123_2p5Ah_ageing_90k_case,3.2306,-2.4998,23.7255,-0.9927,-3.2398,20.0000,
10/18/2019 10:17:34 AM,57,DCH,44:15:27.282,00:24:00.011,2,1,A123_2p5Ah_ageing_90k_case,3.2302,-2.4998,23.8324,-0.9997,-3.2622,20.0000,
10/18/2019 10:17:44 AM,57,DCH,44:15:37.282,00:24:10.011,2,1,A123_2p5Ah_ageing_90k_case,3.2299,-2.4972,23.7255,-1.0066,-3.2846,20.0000,
10/18/2019 10:17:54 AM,57,DCH,44:15:47.273,00:24:20.002,2,1,A123_2p5Ah_ageing_90k_case,3.2295,-2.4998,23.7255,-1.0136,-3.3071,20.0000,
10/18/2019 10:18:04 AM,57,DCH,44:15:57.269,00:24:29.998,2,1,A123_2p5Ah_ageing_90k_case,3.2290,-2.4998,23.8324,-1.0205,-3.3295,20.0000,
10/18/2019 10:18:14 AM,57,DCH,44:16:07.273,00:24:40.002,2,1,A123_2p5Ah_ageing_90k_case,3.2287,-2.4998,23.7255,-1.0274,-3.3519,20.0000,
10/18/2019 10:18:24 AM,57,DCH,44:16:17.278,00:24:50.007,2,1,A123_2p5Ah_ageing_90k_case,3.2284,-2.4972,23.7255,-1.0344,-3.3743,20.0000,
10/18/2019 10:18:34 AM,57,DCH,44:16:27.278,00:25:00.007,2,1,A123_2p5Ah_ageing_90k_case,3.2280,-2.4998,23.8324,-1.0413,-3.3967,20.0000,
10/18/2019 10:18:44 AM,57,DCH,44:16:37.270,00:25:09.999,2,1,A123_2p5Ah_ageing_90k_case,3.2277,-2.4998,23.8324,-1.0483,-3.4192,20.0000,
10/18/2019 10:18:54 AM,57,DCH,44:16:47.274,00:25:20.003,2,1,A123_2p5Ah_ageing_90k_case,3.2272,-2.4998,23.8324,-1.0552,-3.4416,20.0000,
10/18/2019 10:19:04 AM,57,DCH,44:16:57.271,00:25:30.000,2,1,A123_2p5Ah_ageing_90k_case,3.2268,-2.4998,23.7255,-1.0621,-3.4640,20.0000,
10/18/2019 10:19:14 AM,57,DCH,44:17:07.271,00:25:40.000,2,1,A123_2p5Ah_ageing_90k_case,3.2265,-2.4998,23.7255,-1.0691,-3.4864,20.0000,
10/18/2019 10:19:24 AM,57,DCH,44:17:17.279,00:25:50.008,2,1,A123_2p5Ah_ageing_90k_case,3.2262,-2.4998,23.7255,-1.0760,-3.5087,20.0000,
10/18/2019 10:19:34 AM,57,DCH,44:17:27.282,00:26:00.011,2,1,A123_2p5Ah_ageing_90k_case,3.2258,-2.4998,23.7255,-1.0830,-3.5312,20.0000,
10/18/2019 10:19:44 AM,57,DCH,44:17:37.280,00:26:10.009,2,1,A123_2p5Ah_ageing_90k_case,3.2253,-2.4972,23.7255,-1.0899,-3.5535,20.0000,
10/18/2019 10:19:54 AM,57,DCH,44:17:47.272,00:26:20.001,2,1,A123_2p5Ah_ageing_90k_case,3.2250,-2.4972,23.7255,-1.0969,-3.5759,20.0000,
10/18/2019 10:20:04 AM,57,DCH,44:17:57.282,00:26:30.011,2,1,A123_2p5Ah_ageing_90k_case,3.2247,-2.4998,23.7255,-1.1038,-3.5983,20.0000,
10/18/2019 10:20:14 AM,57,DCH,44:18:07.279,00:26:40.008,2,1,A123_2p5Ah_ageing_90k_case,3.2243,-2.4972,23.7255,-1.1107,-3.6207,20.0000,
10/18/2019 10:20:24 AM,57,DCH,44:18:17.278,00:26:50.007,2,1,A123_2p5Ah_ageing_90k_case,3.2238,-2.4972,23.7255,-1.1177,-3.6431,20.0000,
10/18/2019 10:20:34 AM,57,DCH,44:18:27.279,00:27:00.008,2,1,A123_2p5Ah_ageing_90k_case,3.2235,-2.4998,23.8324,-1.1246,-3.6655,20.0000,
10/18/2019 10:20:44 AM,57,DCH,44:18:37.272,00:27:10.001,2,1,A123_2p5Ah_ageing_90k_case,3.2231,-2.4998,23.8324,-1.1316,-3.6878,20.0000,
10/18/2019 10:20:54 AM,57,DCH,44:18:47.271,00:27:20.000,2,1,A123_2p5Ah_ageing_90k_case,3.2226,-2.4998,23.8324,-1.1385,-3.7102,20.0000,
10/18/2019 10:21:04 AM,57,DCH,44:18:57.275,00:27:30.004,2,1,A123_2p5Ah_ageing_90k_case,3.2223,-2.4998,23.7255,-1.1454,-3.7326,20.0000,
10/18/2019 10:21:14 AM,57,DCH,44:19:07.278,00:27:40.007,2,1,A123_2p5Ah_ageing_90k_case,3.2218,-2.4972,23.8324,-1.1524,-3.7549,20.0000,
10/18/2019 10:21:24 AM,57,DCH,44:19:17.271,00:27:50.000,2,1,A123_2p5Ah_ageing_90k_case,3.2214,-2.4998,23.8324,-1.1593,-3.7773,20.0000,
10/18/2019 10:21:34 AM,57,DCH,44:19:27.273,00:28:00.002,2,1,A123_2p5Ah_ageing_90k_case,3.2211,-2.4998,23.8324,-1.1663,-3.7997,20.0000,
10/18/2019 10:21:44 AM,57,DCH,44:19:37.280,00:28:10.009,2,1,A123_2p5Ah_ageing_90k_case,3.2206,-2.4998,23.7255,-1.1732,-3.8220,20.0000,
10/18/2019 10:21:54 AM,57,DCH,44:19:47.270,00:28:19.999,2,1,A123_2p5Ah_ageing_90k_case,3.2203,-2.4998,23.7255,-1.1802,-3.8444,20.0000,
10/18/2019 10:22:04 AM,57,DCH,44:19:57.279,00:28:30.008,2,1,A123_2p5Ah_ageing_90k_case,3.2199,-2.4972,23.8324,-1.1871,-3.8668,20.0000,
10/18/2019 10:22:14 AM,57,DCH,44:20:07.284,00:28:40.013,2,1,A123_2p5Ah_ageing_90k_case,3.2194,-2.4972,23.7255,-1.1940,-3.8891,20.0000,
10/18/2019 10:22:24 AM,57,DCH,44:20:17.279,00:28:50.008,2,1,A123_2p5Ah_ageing_90k_case,3.2191,-2.4998,23.7255,-1.2010,-3.9114,20.0000,
10/18/2019 10:22:34 AM,57,DCH,44:20:27.282,00:29:00.011,2,1,A123_2p5Ah_ageing_90k_case,3.2186,-2.4998,23.8324,-1.2079,-3.9338,20.0000,
10/18/2019 10:22:44 AM,57,DCH,44:20:37.278,00:29:10.007,2,1,A123_2p5Ah_ageing_90k_case,3.2182,-2.4998,23.7255,-1.2149,-3.9561,20.0000,
10/18/2019 10:22:54 AM,57,DCH,44:20:47.281,00:29:20.010,2,1,A123_2p5Ah_ageing_90k_case,3.2177,-2.4998,23.7255,-1.2218,-3.9785,20.0000,
10/18/2019 10:22:56 AM,57,DCH,44:20:49.340,00:29:22.069,2,1,A123_2p5Ah_ageing_90k_case,3.2177,-2.4998,23.7255,-1.2233,-3.9832,20.0000,
10/18/2019 10:23:06 AM,58,PAU,44:20:59.349,00:00:10.002,2,1,A123_2p5Ah_ageing_90k_case,3.2552,0.0000,23.7255,-1.2233,-3.9832,20.0000,
10/18/2019 10:23:16 AM,58,PAU,44:21:09.356,00:00:20.009,2,1,A123_2p5Ah_ageing_90k_case,3.2616,0.0000,23.7255,-1.2233,-3.9832,20.0000,
10/18/2019 10:23:26 AM,58,PAU,44:21:19.357,00:00:30.010,2,1,A123_2p5Ah_ageing_90k_case,3.2658,0.0000,23.7255,-1.2233,-3.9832,20.0000,
10/18/2019 10:23:36 AM,58,PAU,44:21:29.364,00:00:40.017,2,1,A123_2p5Ah_ageing_90k_case,3.2687,0.0000,23.7255,-1.2233,-3.9832,20.0000,
10/18/2019 10:23:46 AM,58,PAU,44:21:39.348,00:00:50.001,2,1,A123_2p5Ah_ageing_90k_case,3.2707,0.0000,23.8324,-1.2233,-3.9832,20.0000,
10/18/2019 10:23:56 AM,58,PAU,44:21:49.352,00:01:00.005,2,1,A123_2p5Ah_ageing_90k_case,3.2724,0.0000,23.8324,-1.2233,-3.9832,20.0000,
10/18/2019 10:24:06 AM,58,PAU,44:21:59.348,00:01:10.001,2,1,A123_2p5Ah_ageing_90k_case,3.2736,0.0000,23.8324,-1.2233,-3.9832,20.0000,
10/18/2019 10:24:16 AM,58,PAU,44:22:09.347,00:01:20.000,2,1,A123_2p5Ah_ageing_90k_case,3.2748,0.0000,23.8324,-1.2233,-3.9832,20.0000,
10/18/2019 10:24:26 AM,58,PAU,44:22:19.349,00:01:30.002,2,1,A123_2p5Ah_ageing_90k_case,3.2756,0.0000,23.8324,-1.2233,-3.9832,20.0000,
10/18/2019 10:24:36 AM,58,PAU,44:22:29.351,00:01:40.004,2,1,A123_2p5Ah_ageing_90k_case,3.2764,0.0000,23.7255,-1.2233,-3.9832,20.0000,
10/18/2019 10:24:46 AM,58,PAU,44:22:39.352,00:01:50.005,2,1,A123_2p5Ah_ageing_90k_case,3.2771,0.0000,23.7255,-1.2233,-3.9832,20.0000,
10/18/2019 10:24:56 AM,58,PAU,44:22:49.357,00:02:00.010,2,1,A123_2p5Ah_ageing_90k_case,3.2776,0.0000,23.8324,-1.2233,-3.9832,20.0000,
10/18/2019 10:25:06 AM,58,PAU,44:22:59.346,00:02:09.999,2,1,A123_2p5Ah_ageing_90k_case,3.2781,0.0000,23.7255,-1.2233,-3.9832,20.0000,
10/18/2019 10:25:16 AM,58,PAU,44:23:09.349,00:02:20.002,2,1,A123_2p5Ah_ageing_90k_case,3.2786,0.0000,23.7255,-1.2233,-3.9832,20.0000,
10/18/2019 10:25:26 AM,58,PAU,44:23:19.348,00:02:30.001,2,1,A123_2p5Ah_ageing_90k_case,3.2790,0.0000,23.6187,-1.2233,-3.9832,20.0000,
10/18/2019 10:25:36 AM,58,PAU,44:23:29.351,00:02:40.004,2,1,A123_2p5Ah_ageing_90k_case,3.2795,0.0000,23.6187,-1.2233,-3.9832,20.0000,
10/18/2019 10:25:46 AM,58,PAU,44:23:39.355,00:02:50.008,2,1,A123_2p5Ah_ageing_90k_case,3.2798,0.0000,23.6187,-1.2233,-3.9832,20.0000,
10/18/2019 10:25:56 AM,58,PAU,44:23:49.357,00:03:00.010,2,1,A123_2p5Ah_ageing_90k_case,3.2802,0.0000,23.7255,-1.2233,-3.9832,20.0000,
10/18/2019 10:26:06 AM,58,PAU,44:23:59.354,00:03:10.007,2,1,A123_2p5Ah_ageing_90k_case,3.2803,0.0000,23.7255,-1.2233,-3.9832,20.0000,
10/18/2019 10:26:16 AM,58,PAU,44:24:09.347,00:03:20.000,2,1,A123_2p5Ah_ageing_90k_case,3.2807,0.0000,23.6187,-1.2233,-3.9832,20.0000,
10/18/2019 10:26:26 AM,58,PAU,44:24:19.350,00:03:30.003,2,1,A123_2p5Ah_ageing_90k_case,3.2810,0.0000,23.6187,-1.2233,-3.9832,20.0000,
10/18/2019 10:26:36 AM,58,PAU,44:24:29.355,00:03:40.008,2,1,A123_2p5Ah_ageing_90k_case,3.2812,0.0000,23.7255,-1.2233,-3.9832,20.0000,
10/18/2019 10:26:46 AM,58,PAU,44:24:39.353,00:03:50.006,2,1,A123_2p5Ah_ageing_90k_case,3.2813,0.0000,23.7255,-1.2233,-3.9832,20.0000,
10/18/2019 10:26:56 AM,58,PAU,44:24:49.359,00:04:00.012,2,1,A123_2p5Ah_ageing_90k_case,3.2817,0.0000,23.7255,-1.2233,-3.9832,20.0000,
10/18/2019 10:27:06 AM,58,PAU,44:24:59.346,00:04:09.999,2,1,A123_2p5Ah_ageing_90k_case,3.2818,0.0000,23.6187,-1.2233,-3.9832,20.0000,
10/18/2019 10:27:16 AM,58,PAU,44:25:09.349,00:04:20.002,2,1,A123_2p5Ah_ageing_90k_case,3.2820,0.0000,23.7255,-1.2233,-3.9832,20.0000,
10/18/2019 10:27:26 AM,58,PAU,44:25:19.363,00:04:30.016,2,1,A123_2p5Ah_ageing_90k_case,3.2822,0.0000,23.7255,-1.2233,-3.9832,20.0000,
10/18/2019 10:27:36 AM,58,PAU,44:25:29.356,00:04:40.009,2,1,A123_2p5Ah_ageing_90k_case,3.2823,0.0000,23.6187,-1.2233,-3.9832,20.0000,
10/18/2019 10:27:46 AM,58,PAU,44:25:39.348,00:04:50.001,2,1,A123_2p5Ah_ageing_90k_case,3.2825,0.0000,23.5118,-1.2233,-3.9832,20.0000,
10/18/2019 10:27:56 AM,58,PAU,44:25:49.353,00:05:00.006,2,1,A123_2p5Ah_ageing_90k_case,3.2827,0.0000,23.7255,-1.2233,-3.9832,20.0000,
10/18/2019 10:27:56 AM,58,PAU,44:25:49.353,00:05:00.006,2,1,A123_2p5Ah_ageing_90k_case,3.2827,0.0000,23.7255,-1.2233,-3.9832,20.0000,
